aggressive_buy_qty,aggressive_sell_qty,book_features_status,close,complete_minutes,delta_notional,delta_qty,delta_ratio,depth_snapshot_events,depth_update_events,high,low,open,source_schema,symbol,three_minute_epoch,three_minute_utc,total_qty,trade_count
40.64496000000001,11.722290000000001,UNCERTIFIED,78613.06,3,2272564.7894478003,28.92267000000001,0.5523045414834653,66,176,78625.19,78428.0,78472.01,research_batch_v2,B-BTC_USDT,1788966900,2026-09-09T15:15:00+00:00,52.36725000000003,4544
27.18306,22.010620000000003,UNCERTIFIED,78478.01,3,405875.0908852002,5.172440000000005,0.10514440066284948,72,180,78625.19,78478.01,78620.96,research_batch_v2,B-BTC_USDT,1788967080,2026-09-09T15:18:00+00:00,49.19368,3559
34.29555,82.82268999999994,UNCERTIFIED,78133.08,3,-3798132.5336542,-48.52713999999997,-0.4143431458669459,69,179,78478.01,78116.99,78478.01,research_batch_v2,B-BTC_USDT,1788967260,2026-09-09T15:21:00+00:00,117.11823999999997,8225
54.947509999999994,65.96851000000001,UNCERTIFIED,78247.66,3,-860064.3587924001,-11.020999999999994,-0.09114590440538808,68,180,78247.66,78060.04,78120.57,research_batch_v2,B-BTC_USDT,1788967440,2026-09-09T15:24:00+00:00,120.91602,6026
40.59082999999999,30.60257,UNCERTIFIED,78377.23,3,782350.9934869005,9.988259999999993,0.1402975556722954,70,179,78400.0,78224.38,78247.66,research_batch_v2,B-BTC_USDT,1788967620,2026-09-09T15:27:00+00:00,71.19339999999998,4304
24.579510000000003,16.80212,UNCERTIFIED,78457.1,3,609726.9700825997,7.777390000000001,0.1879430558921918,71,180,78482.01,78340.3,78377.23,research_batch_v2,B-BTC_USDT,1788967800,2026-09-09T15:30:00+00:00,41.38163,4838
41.15784000000001,27.378549999999997,UNCERTIFIED,78593.78,3,1082187.9903623,13.779290000000008,0.20105071189188706,68,179,78648.03,78406.44,78457.09,research_batch_v2,B-BTC_USDT,1788967980,2026-09-09T15:33:00+00:00,68.53639,4654
24.73047,25.337839999999993,UNCERTIFIED,78598.59,3,-47182.939426300465,-0.6073699999999915,-0.012130826864337774,71,179,78692.99,78556.44,78585.01,research_batch_v2,B-BTC_USDT,1788968160,2026-09-09T15:36:00+00:00,50.06830999999999,3676
25.601480000000016,18.873380000000004,UNCERTIFIED,78666.32,3,528686.9651571001,6.728100000000005,0.15127872240632126,72,180,78750.0,78586.92,78598.59,research_batch_v2,B-BTC_USDT,1788968340,2026-09-09T15:39:00+00:00,44.47486000000002,3944
5.70693,9.868710000000002,UNCERTIFIED,78530.01,3,-326921.4299308001,-4.161780000000001,-0.26719800919897996,63,164,78574.01,78493.2,78548.53,research_batch_v2,B-BTC_USDT,1788970140,2026-09-09T16:09:00+00:00,15.575640000000003,1785
19.064629999999973,26.021730000000005,UNCERTIFIED,78666.96,3,-545970.4952301999,-6.957100000000032,-0.15430609168715412,69,180,78666.96,78523.75,78532.0,research_batch_v2,B-BTC_USDT,1788970320,2026-09-09T16:12:00+00:00,45.08635999999996,2449
6.84257,18.798689999999972,UNCERTIFIED,78502.01,3,-939134.9954857004,-11.956119999999974,-0.46628441816041744,72,180,78666.99,78500.0,78666.96,research_batch_v2,B-BTC_USDT,1788970500,2026-09-09T16:15:00+00:00,25.641259999999974,1499
12.665300000000006,4.693569999999999,UNCERTIFIED,78614.01,3,626107.9867737,7.971730000000003,0.45923092920218894,69,180,78614.01,78508.0,78508.0,research_batch_v2,B-BTC_USDT,1788970680,2026-09-09T16:18:00+00:00,17.358870000000003,1980
6.42051,12.894309999999999,UNCERTIFIED,78479.56,3,-508636.2243830001,-6.473799999999999,-0.3351726808740645,71,180,78646.01,78460.34,78616.01,research_batch_v2,B-BTC_USDT,1788970860,2026-09-09T16:21:00+00:00,19.31482,1938
18.72438999999995,8.557620000000007,UNCERTIFIED,78573.52,3,798176.9997528,10.166769999999946,0.3726547274192761,70,180,78620.01,78462.69,78479.57,research_batch_v2,B-BTC_USDT,1788971040,2026-09-09T16:24:00+00:00,27.282009999999953,2245
9.304310000000001,8.036310000000002,UNCERTIFIED,78634.01,3,99686.99956320006,1.2680000000000011,0.07312310632491809,72,180,78649.85,78573.52,78573.52,research_batch_v2,B-BTC_USDT,1788971220,2026-09-09T16:27:00+00:00,17.34062,2297
16.349130000000002,8.22663,UNCERTIFIED,78762.01,3,639217.1888429,8.122499999999997,0.3305085987167842,70,180,78770.01,78638.0,78638.0,research_batch_v2,B-BTC_USDT,1788971400,2026-09-09T16:30:00+00:00,24.575760000000002,3331
36.96624999999999,36.20823,UNCERTIFIED,78847.99,3,58784.42370040121,0.7580199999999984,0.010359076005733124,68,180,78916.57,78764.0,78764.01,research_batch_v2,B-BTC_USDT,1788971580,2026-09-09T16:33:00+00:00,73.17448,5591
8.056769999999998,21.342419999999997,UNCERTIFIED,78788.01,3,-1047514.6755582,-13.285650000000004,-0.4519053075952093,69,180,78865.84,78784.42,78847.99,research_batch_v2,B-BTC_USDT,1788971760,2026-09-09T16:36:00+00:00,29.399190000000004,2009
3.399569999999999,2.170820000000001,UNCERTIFIED,78811.8,3,96864.63943249997,1.228749999999999,0.22058599128606776,60,151,78840.85,78794.0,78821.8,research_batch_v2,B-BTC_USDT,1788974460,2026-09-09T17:21:00+00:00,5.57039,651
9.475450000000002,4.610290000000001,UNCERTIFIED,78897.46,3,383639.2236014999,4.8651599999999995,0.3453961240233029,70,180,78934.4,78811.8,78811.81,research_batch_v2,B-BTC_USDT,1788974640,2026-09-09T17:24:00+00:00,14.085740000000003,1767
13.308120000000002,9.199740000000002,UNCERTIFIED,78854.17,3,323862.70992379985,4.108380000000002,0.18253090253804674,73,180,78897.46,78853.68,78897.46,research_batch_v2,B-BTC_USDT,1788974820,2026-09-09T17:27:00+00:00,22.507860000000008,1358
4.62946,7.47797,UNCERTIFIED,78780.01,3,-224543.20304599992,-2.8485099999999997,-0.23526958239692483,69,180,78858.91,78774.74,78854.17,research_batch_v2,B-BTC_USDT,1788975000,2026-09-09T17:30:00+00:00,12.10743,1230
11.268660000000002,2.89693,UNCERTIFIED,78812.01,3,659647.4628115,8.371730000000003,0.5909905623415617,68,180,78824.01,78769.5,78772.01,research_batch_v2,B-BTC_USDT,1788975180,2026-09-09T17:33:00+00:00,14.165590000000002,1166
11.275390000000003,7.045109999999999,UNCERTIFIED,78762.01,3,333330.0807959,4.230280000000003,0.2309041783794111,70,180,78862.01,78762.0,78812.01,research_batch_v2,B-BTC_USDT,1788975360,2026-09-09T17:36:00+00:00,18.32050000000001,1464
10.522930000000002,14.088299999999997,UNCERTIFIED,78697.92,3,-280766.7839501,-3.565369999999998,-0.14486760718582525,70,180,78762.13,78692.0,78762.0,research_batch_v2,B-BTC_USDT,1788975540,2026-09-09T17:39:00+00:00,24.61123,1517
2.5790900000000003,1.58357,UNCERTIFIED,78702.49,3,78349.37226839998,0.9955199999999997,0.23915477122801282,69,180,78715.57,78702.01,78702.01,research_batch_v2,B-BTC_USDT,1788975720,2026-09-09T17:42:00+00:00,4.16266,530
13.485080000000007,13.945339999999987,UNCERTIFIED,78731.7,3,-36230.66481329934,-0.46025999999998435,-0.016779181653069273,69,180,78738.84,78674.01,78710.0,research_batch_v2,B-BTC_USDT,1788975900,2026-09-09T17:45:00+00:00,27.430419999999994,1439
8.755040000000001,7.789990000000001,UNCERTIFIED,78746.0,3,75868.49486399995,0.965049999999998,0.058328694478039504,69,180,78764.42,78710.0,78731.7,research_batch_v2,B-BTC_USDT,1788976080,2026-09-09T17:48:00+00:00,16.54503,955
12.00058,11.03034,UNCERTIFIED,78768.01,3,76504.73684679983,0.9702399999999978,0.04212771352599019,70,180,78783.05,78708.0,78746.0,research_batch_v2,B-BTC_USDT,1788976260,2026-09-09T17:51:00+00:00,23.030919999999995,1384
16.482820000000004,2.92221,UNCERTIFIED,78794.01,3,1068268.2742327997,13.560609999999999,0.6988193267415715,73,180,78800.0,78769.99,78770.0,research_batch_v2,B-BTC_USDT,1788976440,2026-09-09T17:54:00+00:00,19.40503,1113
19.061389999999996,5.743379999999998,UNCERTIFIED,78776.01,3,1049630.1867255,13.318009999999997,0.53691326305384,72,180,78817.37,78776.0,78794.0,research_batch_v2,B-BTC_USDT,1788976620,2026-09-09T17:57:00+00:00,24.804769999999994,998
14.797330000000002,5.27418,UNCERTIFIED,78768.01,3,750190.0999647999,9.523150000000003,0.474461064464009,71,180,78792.25,78754.75,78776.01,research_batch_v2,B-BTC_USDT,1788976800,2026-09-09T18:00:00+00:00,20.071510000000004,1196
7.920020000000003,2.7674499999999997,UNCERTIFIED,78768.0,3,405766.03023369994,5.152570000000001,0.48211316616561267,73,179,78768.01,78733.77,78758.01,research_batch_v2,B-BTC_USDT,1788976980,2026-09-09T18:03:00+00:00,10.687470000000001,718
4.79555,6.075729999999998,UNCERTIFIED,78665.26,3,-100770.70387069997,-1.2801799999999992,-0.11775798250068062,72,180,78768.01,78665.26,78768.01,research_batch_v2,B-BTC_USDT,1788977160,2026-09-09T18:06:00+00:00,10.87128,921
5.210979999999999,3.8925599999999996,UNCERTIFIED,78644.72,3,103712.35619719999,1.3184199999999997,0.14482498017254825,72,180,78680.01,78644.71,78665.27,research_batch_v2,B-BTC_USDT,1788977340,2026-09-09T18:09:00+00:00,9.103539999999999,750
3.1065600000000004,8.937760000000008,UNCERTIFIED,78600.0,3,-458531.3106242999,-5.8312000000000035,-0.48414522364068713,70,180,78644.72,78598.0,78644.72,research_batch_v2,B-BTC_USDT,1788977520,2026-09-09T18:12:00+00:00,12.044320000000006,806
7.879670000000003,6.877230000000001,UNCERTIFIED,78626.91,3,78777.21410099993,1.0024400000000007,0.06793025635465448,72,180,78626.91,78598.0,78600.0,research_batch_v2,B-BTC_USDT,1788977700,2026-09-09T18:15:00+00:00,14.7569,989
1.5160099999999992,4.37995,UNCERTIFIED,78590.09,3,-225134.5895838,-2.8639399999999995,-0.4857461719550336,71,179,78626.91,78578.0,78626.9,research_batch_v2,B-BTC_USDT,1788977880,2026-09-09T18:18:00+00:00,5.895959999999999,742
5.1120600000000005,5.20039,UNCERTIFIED,78568.01,3,-6934.24055209996,-0.08833000000000024,-0.008565374862423598,72,180,78640.54,78568.01,78590.09,research_batch_v2,B-BTC_USDT,1788978060,2026-09-09T18:21:00+00:00,10.31245,1161
4.8655100000000004,8.294550000000001,UNCERTIFIED,78592.41,3,-269556.9509911,-3.42904,-0.26056416156157347,70,180,78600.0,78568.0,78568.0,research_batch_v2,B-BTC_USDT,1788978240,2026-09-09T18:24:00+00:00,13.160059999999998,750
9.241430000000003,2.0259699999999996,UNCERTIFIED,78624.0,3,567182.4533173,7.215460000000004,0.6403837620036569,70,179,78624.0,78592.4,78592.41,research_batch_v2,B-BTC_USDT,1788978420,2026-09-09T18:27:00+00:00,11.2674,844
3.9640999999999993,4.5288900000000005,UNCERTIFIED,78594.52,3,-44409.457028999954,-0.5647900000000005,-0.06650072589276575,71,180,78624.01,78578.6,78624.01,research_batch_v2,B-BTC_USDT,1788978600,2026-09-09T18:30:00+00:00,8.492989999999999,919
6.04965,9.565329999999998,UNCERTIFIED,78544.67,3,-276220.83706150006,-3.5156800000000006,-0.2251479028471379,70,179,78642.0,78540.0,78594.62,research_batch_v2,B-BTC_USDT,1788978780,2026-09-09T18:33:00+00:00,15.614979999999997,1890
3.55971,1.5778500000000002,UNCERTIFIED,78566.0,3,155670.0396606,1.981859999999999,0.3857589984350547,71,179,78572.01,78546.0,78546.0,research_batch_v2,B-BTC_USDT,1788978960,2026-09-09T18:36:00+00:00,5.137559999999999,777
7.395940000000002,3.625570000000001,UNCERTIFIED,78530.51,3,296127.497776,3.770370000000002,0.34209196380532264,69,180,78567.53,78526.06,78566.0,research_batch_v2,B-BTC_USDT,1788979140,2026-09-09T18:39:00+00:00,11.021510000000001,850
5.201720000000001,9.374960000000005,UNCERTIFIED,78534.01,3,-327618.5228659001,-4.173240000000004,-0.28629564482447334,70,179,78534.01,78505.96,78530.51,research_batch_v2,B-BTC_USDT,1788979320,2026-09-09T18:42:00+00:00,14.57668,908
7.449339999999999,17.950219999999963,UNCERTIFIED,78520.35,3,-824469.2805834995,-10.500879999999963,-0.4134276341794888,69,180,78538.19,78485.28,78538.18,research_batch_v2,B-BTC_USDT,1788979500,2026-09-09T18:45:00+00:00,25.39955999999997,1412
11.149789999999998,2.39248,UNCERTIFIED,78542.5,3,687604.7310772002,8.757309999999997,0.6466648501322155,71,180,78551.81,78496.0,78520.35,research_batch_v2,B-BTC_USDT,1788979680,2026-09-09T18:48:00+00:00,13.542269999999997,901
4.80196,11.085730000000003,UNCERTIFIED,78478.01,3,-493290.03712509986,-6.283770000000001,-0.39551187114048675,72,180,78542.5,78478.0,78542.5,research_batch_v2,B-BTC_USDT,1788979860,2026-09-09T18:51:00+00:00,15.887690000000003,1211
20.23828,30.954749999999965,UNCERTIFIED,78458.01,3,-840697.5159595,-10.716469999999967,-0.20933455198881518,70,179,78488.01,78418.0,78478.01,research_batch_v2,B-BTC_USDT,1788980040,2026-09-09T18:54:00+00:00,51.193029999999965,1945
3.4105799999999995,9.044030000000006,UNCERTIFIED,78414.42,3,-441892.61838949996,-5.633450000000006,-0.45231845878754967,69,180,78466.01,78411.9,78456.37,research_batch_v2,B-BTC_USDT,1788980220,2026-09-09T18:57:00+00:00,12.454610000000004,990
19.228949999999987,13.016160000000003,UNCERTIFIED,78434.0,3,487423.9632974004,6.212789999999986,0.19267386589780555,70,179,78480.54,78394.01,78414.42,research_batch_v2,B-BTC_USDT,1788980400,2026-09-09T19:00:00+00:00,32.24510999999998,1677
10.20832,20.528069999999992,UNCERTIFIED,78397.98,3,-808909.2738211998,-10.319749999999996,-0.33575022961382245,69,179,78426.01,78340.11,78426.0,research_batch_v2,B-BTC_USDT,1788980580,2026-09-09T19:03:00+00:00,30.73639,1983
5.43665,6.865390000000001,UNCERTIFIED,78392.79,3,-112075.87947020012,-1.4287400000000008,-0.11613846158848459,71,180,78442.01,78386.78,78397.98,research_batch_v2,B-BTC_USDT,1788980760,2026-09-09T19:06:00+00:00,12.302039999999998,1130
6.720519999999999,2.8647700000000005,UNCERTIFIED,78416.49,3,302267.16104120004,3.855749999999999,0.4022570000490334,72,180,78419.69,78381.25,78392.78,research_batch_v2,B-BTC_USDT,1788980940,2026-09-09T19:09:00+00:00,9.585289999999999,905
6.82314,2.6052300000000006,UNCERTIFIED,78484.07,3,330828.5497418,4.21791,0.4473636482233938,71,180,78488.0,78419.68,78419.68,research_batch_v2,B-BTC_USDT,1788981120,2026-09-09T19:12:00+00:00,9.428370000000001,831
6.127480000000002,5.570099999999999,UNCERTIFIED,78489.65,3,43753.8900309,0.5573799999999995,0.04764917187999565,71,179,78515.44,78470.0,78484.07,research_batch_v2,B-BTC_USDT,1788981300,2026-09-09T19:15:00+00:00,11.69758,1058
2.9903599999999995,6.2888399999999995,UNCERTIFIED,78504.0,3,-258884.67228399988,-3.2984799999999996,-0.35547029916372097,72,180,78520.01,78474.0,78489.65,research_batch_v2,B-BTC_USDT,1788981480,2026-09-09T19:18:00+00:00,9.2792,855
3.986770000000001,4.885629999999999,UNCERTIFIED,78545.23,3,-70545.94642360003,-0.8988599999999987,-0.10130967945538957,70,178,78545.23,78496.0,78504.0,research_batch_v2,B-BTC_USDT,1788981660,2026-09-09T19:21:00+00:00,8.872400000000003,691
6.137099999999999,13.338029999999986,UNCERTIFIED,78562.01,3,-565745.3923727998,-7.200929999999986,-0.3697500350446949,69,180,78575.32,78545.23,78545.23,research_batch_v2,B-BTC_USDT,1788981840,2026-09-09T19:24:00+00:00,19.475129999999993,1124
9.859609999999996,2.1337800000000002,UNCERTIFIED,78534.0,3,606751.5693042999,7.725830000000002,0.6441739991778808,71,180,78559.74,78530.1,78559.74,research_batch_v2,B-BTC_USDT,1788982020,2026-09-09T19:27:00+00:00,11.993389999999998,680
8.481440000000001,6.1782900000000005,UNCERTIFIED,78543.59,3,180820.02510029986,2.3031499999999987,0.15710725913778753,70,180,78547.18,78502.5,78534.0,research_batch_v2,B-BTC_USDT,1788982200,2026-09-09T19:30:00+00:00,14.659730000000003,1207
30.96099000000001,29.515390000000004,UNCERTIFIED,78506.0,3,113060.20524239955,1.445600000000004,0.023903547136915334,71,180,78546.01,78482.0,78546.01,research_batch_v2,B-BTC_USDT,1788982380,2026-09-09T19:33:00+00:00,60.47638000000001,1562
15.524150000000004,22.829500000000007,UNCERTIFIED,78364.15,3,-573209.6313809996,-7.305350000000006,-0.19047339692571644,70,176,78506.01,78364.15,78506.01,research_batch_v2,B-BTC_USDT,1788982560,2026-09-09T19:36:00+00:00,38.35365000000001,1931
20.952040000000007,11.229820000000002,UNCERTIFIED,78360.36,3,761660.7410995997,9.722220000000005,0.30210248879337626,68,179,78385.56,78318.48,78364.16,research_batch_v2,B-BTC_USDT,1788982740,2026-09-09T19:39:00+00:00,32.18186000000001,2079
9.817899999999998,45.08616999999995,UNCERTIFIED,78296.82,3,-2763243.6735018995,-35.26826999999995,-0.6423616682697655,71,179,78384.0,78290.73,78360.36,research_batch_v2,B-BTC_USDT,1788982920,2026-09-09T19:42:00+00:00,54.904069999999955,1978
14.382870000000004,6.204590000000001,UNCERTIFIED,78314.62,3,640359.3417193999,8.17828,0.3972457019952923,73,180,78332.0,78290.0,78296.83,research_batch_v2,B-BTC_USDT,1788983100,2026-09-09T19:45:00+00:00,20.58746,1428
7.75577,16.058399999999992,UNCERTIFIED,78248.37,3,-649879.4283193,-8.302629999999994,-0.34864242591700634,68,179,78332.01,78226.41,78314.62,research_batch_v2,B-BTC_USDT,1788983280,2026-09-09T19:48:00+00:00,23.814169999999997,1838
15.008610000000004,16.664610000000003,UNCERTIFIED,78178.37,3,-129309.80269979988,-1.6560000000000024,-0.05228391682310805,70,179,78320.08,78150.01,78232.01,research_batch_v2,B-BTC_USDT,1788983460,2026-09-09T19:51:00+00:00,31.67322,2391
20.301539999999996,7.131519999999999,UNCERTIFIED,78214.93,3,1030209.8637716002,13.170019999999996,0.4800784163341602,72,180,78234.23,78178.38,78178.38,research_batch_v2,B-BTC_USDT,1788983640,2026-09-09T19:54:00+00:00,27.433059999999998,1427
10.342110000000002,4.54302,UNCERTIFIED,78234.94,3,453629.3815412999,5.799090000000001,0.38958947620880713,70,180,78236.82,78216.64,78223.99,research_batch_v2,B-BTC_USDT,1788983820,2026-09-09T19:57:00+00:00,14.88513,858
9.8932,7.121110000000001,UNCERTIFIED,78267.4,3,216931.822225,2.7720899999999995,0.16292697147283663,70,180,78273.02,78231.76,78231.76,research_batch_v2,B-BTC_USDT,1788984000,2026-09-09T20:00:00+00:00,17.014310000000002,1749
6.713170000000002,6.321250000000001,UNCERTIFIED,78262.0,3,30626.77694999994,0.39192000000000027,0.030068081280179727,72,180,78267.4,78192.07,78267.39,research_batch_v2,B-BTC_USDT,1788984180,2026-09-09T20:03:00+00:00,13.03442,1326
7.3459900000000005,3.930850000000001,UNCERTIFIED,78242.0,3,267243.40727269993,3.4151399999999996,0.3028454779885145,69,180,78270.01,78210.12,78264.01,research_batch_v2,B-BTC_USDT,1788984360,2026-09-09T20:06:00+00:00,11.276839999999998,918
18.171809999999994,2.3500600000000005,UNCERTIFIED,78294.0,3,1238128.5016873006,15.82174999999999,0.7709701893638344,72,179,78294.01,78242.01,78242.01,research_batch_v2,B-BTC_USDT,1788984540,2026-09-09T20:09:00+00:00,20.521869999999996,986
13.150449999999989,3.9405699999999992,UNCERTIFIED,78254.67,3,720569.4766477994,9.209879999999988,0.5388724605085006,71,180,78295.52,78236.0,78294.01,research_batch_v2,B-BTC_USDT,1788984720,2026-09-09T20:12:00+00:00,17.09101999999999,857
7.9157800000000025,3.64546,UNCERTIFIED,78310.0,3,334278.4352494999,4.270320000000002,0.36936522379952336,71,179,78310.0,78243.41,78254.66,research_batch_v2,B-BTC_USDT,1788984900,2026-09-09T20:15:00+00:00,11.561240000000002,1135
7.764300000000001,19.237199999999994,UNCERTIFIED,78254.5,3,-898347.2498866997,-11.472899999999989,-0.42489861674351403,73,179,78340.01,78250.35,78310.01,research_batch_v2,B-BTC_USDT,1788985080,2026-09-09T20:18:00+00:00,27.001499999999986,986
9.375280000000004,9.329640000000003,UNCERTIFIED,78225.74,3,3498.3657053000643,0.04564000000000279,0.002439999743383173,69,180,78267.89,78225.74,78254.51,research_batch_v2,B-BTC_USDT,1788985260,2026-09-09T20:21:00+00:00,18.70492,1025
17.794059999999973,22.242489999999997,UNCERTIFIED,78145.02,3,-347954.7339383003,-4.4484300000000285,-0.11110922394661955,71,180,78225.74,78131.36,78225.74,research_batch_v2,B-BTC_USDT,1788985440,2026-09-09T20:24:00+00:00,40.03654999999998,1876
45.68236999999999,124.56034999999999,UNCERTIFIED,78107.48,3,-6157779.9283129005,-78.87797999999994,-0.46332659628558576,71,179,78232.02,77941.17,78145.02,research_batch_v2,B-BTC_USDT,1788985620,2026-09-09T20:27:00+00:00,170.24271999999982,5358
14.219480000000004,11.68068,UNCERTIFIED,78254.01,3,198569.04885079994,2.5387999999999997,0.09802256047839082,70,180,78254.01,78107.47,78107.47,research_batch_v2,B-BTC_USDT,1788985800,2026-09-09T20:30:00+00:00,25.90016000000001,2257
22.70631999999998,8.012240000000002,UNCERTIFIED,78310.01,3,1149965.5743749004,14.694079999999984,0.47834533910443683,69,180,78313.31,78240.82,78254.01,research_batch_v2,B-BTC_USDT,1788985980,2026-09-09T20:33:00+00:00,30.71855999999999,2110
2.41202,4.702449999999999,UNCERTIFIED,78311.53,3,-179342.10814740005,-2.2904299999999997,-0.32193965256723267,72,180,78312.01,78291.99,78310.01,research_batch_v2,B-BTC_USDT,1788986160,2026-09-09T20:36:00+00:00,7.11447,651
4.14705,3.2422699999999995,UNCERTIFIED,78304.0,3,70828.72281979996,0.9047799999999997,0.12244428445377914,70,180,78311.54,78294.41,78311.54,research_batch_v2,B-BTC_USDT,1788986340,2026-09-09T20:39:00+00:00,7.389320000000003,572
4.51261,21.617999999999995,UNCERTIFIED,78277.61,3,-1339503.3077041993,-17.105389999999996,-0.6546112011927773,68,180,78313.22,78232.95,78304.01,research_batch_v2,B-BTC_USDT,1788986520,2026-09-09T20:42:00+00:00,26.130609999999997,1121
2.30126,4.556290000000001,UNCERTIFIED,78241.06,3,-176493.55700690008,-2.25503,-0.32883901685004113,71,180,78282.01,78241.05,78277.61,research_batch_v2,B-BTC_USDT,1788986700,2026-09-09T20:45:00+00:00,6.857550000000002,619
26.440659999999998,19.634189999999975,UNCERTIFIED,78188.01,3,530584.2802732016,6.806470000000029,0.1477263626468677,70,180,78241.06,78100.53,78241.06,research_batch_v2,B-BTC_USDT,1788986880,2026-09-09T20:48:00+00:00,46.074849999999984,2351
6.86742,12.76603,UNCERTIFIED,78194.01,3,-461166.5702949001,-5.8986100000000015,-0.3004367546203036,70,180,78248.01,78167.47,78188.01,research_batch_v2,B-BTC_USDT,1788987060,2026-09-09T20:51:00+00:00,19.633450000000003,1304
12.48537,6.062829999999999,UNCERTIFIED,78282.26,3,502833.1083075997,6.4225400000000015,0.34626217099233353,73,180,78283.69,78172.0,78194.01,research_batch_v2,B-BTC_USDT,1788987240,2026-09-09T20:54:00+00:00,18.5482,1218
9.17978,6.8503,UNCERTIFIED,78324.07,3,182369.60266899996,2.3294800000000007,0.145319299716533,70,180,78330.84,78282.26,78282.26,research_batch_v2,B-BTC_USDT,1788987420,2026-09-09T20:57:00+00:00,16.030079999999995,1057
6.50674,36.408429999999996,UNCERTIFIED,78294.19,3,-2341366.939646802,-29.90169000000001,-0.6967627065207945,70,179,78324.07,78244.0,78324.07,research_batch_v2,B-BTC_USDT,1788987600,2026-09-09T21:00:00+00:00,42.91517,1412
5.016020000000001,3.80059,UNCERTIFIED,78339.55,3,95223.75948239995,1.2154300000000011,0.1378568406677851,73,179,78339.56,78288.64,78294.19,research_batch_v2,B-BTC_USDT,1788987780,2026-09-09T21:03:00+00:00,8.81661,705
3.70019,9.26062,UNCERTIFIED,78272.96,3,-435365.7422647999,-5.560429999999998,-0.42901871102191896,69,180,78339.56,78272.96,78339.56,research_batch_v2,B-BTC_USDT,1788987960,2026-09-09T21:06:00+00:00,12.960810000000002,874
1.5355800000000002,3.14595,UNCERTIFIED,78234.01,3,-126023.27829289997,-1.610370000000001,-0.3439836976373111,59,149,78281.66,78234.01,78272.96,research_batch_v2,B-BTC_USDT,1788988140,2026-09-09T21:09:00+00:00,4.6815299999999995,600
687.0280000000001,814.3284000000006,UNCERTIFIED,2489.59,3,-317464.20200200006,-127.3004000000006,-0.0847902603272618,69,176,2491.16,2482.61,2484.57,research_batch_v2,B-ETH_USDT,1788966900,2026-09-09T15:15:00+00:00,1501.3564000000001,5288
348.54660000000007,386.3583000000001,UNCERTIFIED,2485.06,3,-93990.65558399996,-37.81170000000003,-0.05145114694431896,69,180,2490.09,2485.06,2489.97,research_batch_v2,B-ETH_USDT,1788967080,2026-09-09T15:18:00+00:00,734.9049,2819
1546.4769000000001,5086.319100000001,UNCERTIFIED,2473.71,3,-8774279.338929007,-3539.842200000001,-0.533687784156184,69,180,2485.07,2471.5,2485.07,research_batch_v2,B-ETH_USDT,1788967260,2026-09-09T15:21:00+00:00,6632.796,10182
814.8441,860.9444000000003,UNCERTIFIED,2477.6,3,-113456.94833699957,-46.100300000000146,-0.027509617114570322,67,180,2477.6,2471.27,2473.01,research_batch_v2,B-ETH_USDT,1788967440,2026-09-09T15:24:00+00:00,1675.7885000000006,5133
697.2806000000002,363.81260000000003,UNCERTIFIED,2479.49,3,826715.9579279997,333.4680000000001,0.31426834136718634,69,180,2480.35,2475.75,2477.59,research_batch_v2,B-ETH_USDT,1788967620,2026-09-09T15:27:00+00:00,1061.0931999999998,2625
882.5505999999997,488.0898000000001,UNCERTIFIED,2483.43,3,978423.7337470003,394.46079999999995,0.2877930637386728,71,180,2485.16,2478.8,2479.5,research_batch_v2,B-ETH_USDT,1788967800,2026-09-09T15:30:00+00:00,1370.6403999999998,3717
744.5086999999999,359.6536,UNCERTIFIED,2489.03,3,957037.950385,384.8550999999999,0.34854939350854486,71,180,2491.29,2482.09,2483.33,research_batch_v2,B-ETH_USDT,1788967980,2026-09-09T15:33:00+00:00,1104.1622999999997,3412
670.2158,323.8937000000001,UNCERTIFIED,2489.48,3,862703.4535039999,346.3221000000001,0.348374198214583,70,180,2493.0,2488.06,2488.61,research_batch_v2,B-ETH_USDT,1788968160,2026-09-09T15:36:00+00:00,994.1095000000003,2803
872.7067999999999,315.33500000000004,UNCERTIFIED,2493.47,3,1388968.988672,557.3718,0.46915167462963003,72,180,2495.6,2488.43,2489.39,research_batch_v2,B-ETH_USDT,1788968340,2026-09-09T15:39:00+00:00,1188.0418,3453
100.85640000000001,192.7858,UNCERTIFIED,2487.8,3,-228777.75821300002,-91.92939999999997,-0.31306603751095713,65,163,2489.41,2486.96,2489.28,research_batch_v2,B-ETH_USDT,1788970140,2026-09-09T16:09:00+00:00,293.6422,1714
361.87999999999994,89.63360000000002,UNCERTIFIED,2492.06,3,677673.792306,272.2464,0.60296389743299,72,179,2492.06,2487.55,2487.8,research_batch_v2,B-ETH_USDT,1788970320,2026-09-09T16:12:00+00:00,451.51359999999994,1308
82.69290000000001,370.84830000000005,UNCERTIFIED,2485.45,3,-716837.5801660005,-288.1554000000001,-0.6353455871263736,72,180,2492.05,2485.44,2492.05,research_batch_v2,B-ETH_USDT,1788970500,2026-09-09T16:15:00+00:00,453.5412000000001,1104
262.8786,263.0794,UNCERTIFIED,2489.58,3,-418.93179799994687,-0.20079999999997256,-0.0003817795337269754,71,179,2489.58,2485.06,2485.78,research_batch_v2,B-ETH_USDT,1788970680,2026-09-09T16:18:00+00:00,525.9580000000001,1582
255.67110000000008,220.73450000000008,UNCERTIFIED,2485.89,3,86824.564599,34.93660000000004,0.07333373075379475,71,180,2492.01,2484.82,2489.59,research_batch_v2,B-ETH_USDT,1788970860,2026-09-09T16:21:00+00:00,476.40560000000005,1366
370.2602999999999,212.7285,UNCERTIFIED,2488.98,3,391759.8916319996,157.53180000000017,0.2702141104597552,70,179,2491.16,2485.38,2485.89,research_batch_v2,B-ETH_USDT,1788971040,2026-09-09T16:24:00+00:00,582.9888000000002,1525
103.32409999999999,95.9696,UNCERTIFIED,2490.69,3,18301.673969999953,7.354499999999987,0.03690282231701246,69,180,2490.88,2488.76,2488.98,research_batch_v2,B-ETH_USDT,1788971220,2026-09-09T16:27:00+00:00,199.29370000000003,1094
253.79000000000002,186.34990000000002,UNCERTIFIED,2495.67,3,168047.9824180001,67.4401,0.15322423620307998,71,180,2495.67,2490.98,2490.98,research_batch_v2,B-ETH_USDT,1788971400,2026-09-09T16:30:00+00:00,440.1399,1609
809.0310999999995,369.7569,UNCERTIFIED,2497.17,3,1097667.6240680004,439.2741999999996,0.3726490259486861,70,180,2499.24,2495.77,2495.77,research_batch_v2,B-ETH_USDT,1788971580,2026-09-09T16:33:00+00:00,1178.7879999999996,3161
138.3224,168.4729,UNCERTIFIED,2496.7,3,-75272.52200899996,-30.150500000000015,-0.0982756254740539,70,180,2498.15,2495.33,2497.26,research_batch_v2,B-ETH_USDT,1788971760,2026-09-09T16:36:00+00:00,306.79530000000005,1659
57.61330000000001,118.38289999999999,UNCERTIFIED,2495.74,3,-151724.83170800004,-60.76959999999999,-0.34528927329112785,61,149,2497.29,2494.69,2496.72,research_batch_v2,B-ETH_USDT,1788974460,2026-09-09T17:21:00+00:00,175.9962,604
106.0634,142.5086,UNCERTIFIED,2498.32,3,-90970.127277,-36.445199999999986,-0.1466182836361295,71,180,2499.58,2495.74,2495.74,research_batch_v2,B-ETH_USDT,1788974640,2026-09-09T17:24:00+00:00,248.57200000000003,1249
195.6468,115.8914,UNCERTIFIED,2496.63,3,199239.48004800008,79.75539999999998,0.25600520257226883,72,180,2498.4,2496.63,2498.31,research_batch_v2,B-ETH_USDT,1788974820,2026-09-09T17:27:00+00:00,311.5381999999999,818
93.44799999999998,144.15800000000002,UNCERTIFIED,2494.01,3,-126616.03232899998,-50.71000000000002,-0.21342053651843818,71,180,2496.89,2493.73,2496.63,research_batch_v2,B-ETH_USDT,1788975000,2026-09-09T17:30:00+00:00,237.606,927
72.13910000000001,107.655,UNCERTIFIED,2494.8,3,-88615.987974,-35.51589999999999,-0.1975365153806492,72,180,2495.26,2493.33,2493.33,research_batch_v2,B-ETH_USDT,1788975180,2026-09-09T17:33:00+00:00,179.79410000000004,887
383.7417000000001,167.16250000000002,UNCERTIFIED,2492.73,3,540647.9510350003,216.57920000000013,0.3931340512560988,71,180,2496.46,2492.72,2494.8,research_batch_v2,B-ETH_USDT,1788975360,2026-09-09T17:36:00+00:00,550.9042000000001,1222
126.74340000000001,368.5513999999999,UNCERTIFIED,2490.63,3,-602624.4316659998,-241.80799999999994,-0.4882102537720969,73,179,2492.79,2490.27,2492.73,research_batch_v2,B-ETH_USDT,1788975540,2026-09-09T17:39:00+00:00,495.2947999999999,990
45.30460000000001,42.6117,UNCERTIFIED,2491.22,3,6706.571938999985,2.692899999999999,0.0306302699271921,71,180,2491.22,2490.44,2490.89,research_batch_v2,B-ETH_USDT,1788975720,2026-09-09T17:42:00+00:00,87.9163,570
156.06539999999993,210.03539999999995,UNCERTIFIED,2491.23,3,-134426.06419699983,-53.97000000000006,-0.14741841591168353,71,179,2491.91,2489.15,2491.4,research_batch_v2,B-ETH_USDT,1788975900,2026-09-09T17:45:00+00:00,366.10079999999994,1116
64.05560000000001,58.394499999999994,UNCERTIFIED,2492.36,3,14097.766138000035,5.661100000000008,0.046231893644839886,73,179,2493.02,2490.37,2491.23,research_batch_v2,B-ETH_USDT,1788976080,2026-09-09T17:48:00+00:00,122.45009999999999,655
187.6942,128.04569999999995,UNCERTIFIED,2494.19,3,148857.01867699996,59.64850000000002,0.18891657342008414,70,180,2494.19,2491.63,2492.44,research_batch_v2,B-ETH_USDT,1788976260,2026-09-09T17:51:00+00:00,315.7399,849
95.05239999999999,99.96260000000001,UNCERTIFIED,2494.45,3,-12275.092157999992,-4.910200000000007,-0.025178576006973857,74,177,2495.08,2493.75,2494.18,research_batch_v2,B-ETH_USDT,1788976440,2026-09-09T17:54:00+00:00,195.01500000000001,684
36.9347,135.04590000000005,UNCERTIFIED,2493.62,3,-244782.17495199997,-98.11120000000003,-0.5704782981336268,72,180,2495.75,2493.62,2494.58,research_batch_v2,B-ETH_USDT,1788976620,2026-09-09T17:57:00+00:00,171.9806,534
458.64279999999997,196.82389999999998,UNCERTIFIED,2494.59,3,653056.4088419997,261.8189,0.3994389036086807,72,180,2495.2,2493.14,2493.72,research_batch_v2,B-ETH_USDT,1788976800,2026-09-09T18:00:00+00:00,655.4667,1212
82.54419999999999,92.67899999999999,UNCERTIFIED,2495.23,3,-25303.242315000025,-10.134799999999997,-0.05783937286843292,72,178,2495.81,2493.87,2494.27,research_batch_v2,B-ETH_USDT,1788976980,2026-09-09T18:03:00+00:00,175.22320000000002,687
138.8225,138.21670000000003,UNCERTIFIED,2491.07,3,1518.0311080000647,0.6058000000000181,0.00218669415736119,71,180,2495.24,2490.66,2495.24,research_batch_v2,B-ETH_USDT,1788977160,2026-09-09T18:06:00+00:00,277.0392,1003
45.10339999999999,79.9801,UNCERTIFIED,2490.05,3,-86884.49805000002,-34.876700000000014,-0.27882734333465253,70,180,2491.83,2490.05,2491.08,research_batch_v2,B-ETH_USDT,1788977340,2026-09-09T18:09:00+00:00,125.08350000000002,692
89.28550000000001,181.28289999999996,UNCERTIFIED,2490.06,3,-229080.27416299994,-91.9974,-0.34001531590533113,70,180,2490.59,2489.06,2490.05,research_batch_v2,B-ETH_USDT,1788977520,2026-09-09T18:12:00+00:00,270.5684,715
59.212799999999994,37.0285,UNCERTIFIED,2491.1,3,55241.006559000016,22.184299999999997,0.23050706921041172,72,180,2491.1,2489.35,2490.06,research_batch_v2,B-ETH_USDT,1788977700,2026-09-09T18:15:00+00:00,96.2413,672
41.6477,77.31219999999999,UNCERTIFIED,2489.56,3,-88786.66021199997,-35.66449999999999,-0.2998027066263504,71,177,2491.1,2488.03,2491.1,research_batch_v2,B-ETH_USDT,1788977880,2026-09-09T18:18:00+00:00,118.95990000000003,675
110.89200000000001,97.1745,UNCERTIFIED,2488.98,3,34144.683270999965,13.717500000000014,0.06592844114742168,73,180,2492.04,2488.9,2489.56,research_batch_v2,B-ETH_USDT,1788978060,2026-09-09T18:21:00+00:00,208.06650000000002,1081
71.09800000000001,153.1632,UNCERTIFIED,2490.54,3,-204437.781694,-82.06519999999996,-0.3659357927274087,74,180,2490.88,2489.08,2489.08,research_batch_v2,B-ETH_USDT,1788978240,2026-09-09T18:24:00+00:00,224.26120000000003,564
45.7427,24.767500000000002,UNCERTIFIED,2491.2,3,52241.257798,20.97519999999999,0.2974775280739522,75,175,2491.36,2490.5,2490.55,research_batch_v2,B-ETH_USDT,1788978420,2026-09-09T18:27:00+00:00,70.51020000000001,474
40.62930000000001,49.0476,UNCERTIFIED,2490.44,3,-20977.178943999992,-8.418299999999993,-0.09387367315328687,72,180,2491.51,2489.64,2491.21,research_batch_v2,B-ETH_USDT,1788978600,2026-09-09T18:30:00+00:00,89.67690000000002,849
88.87989999999999,90.51929999999999,UNCERTIFIED,2488.0,3,-4138.688936999981,-1.6393999999999949,-0.009138279323430618,73,179,2492.09,2488.0,2490.5,research_batch_v2,B-ETH_USDT,1788978780,2026-09-09T18:33:00+00:00,179.39920000000006,1027
63.703800000000015,48.2712,UNCERTIFIED,2489.26,3,38398.38537700003,15.4326,0.13782183523107838,76,180,2489.27,2488.17,2488.17,research_batch_v2,B-ETH_USDT,1788978960,2026-09-09T18:36:00+00:00,111.975,560
150.73210000000006,41.5741,UNCERTIFIED,2488.19,3,271629.9720990001,109.15800000000007,0.5676260047777972,77,178,2489.47,2487.77,2489.27,research_batch_v2,B-ETH_USDT,1788979140,2026-09-09T18:39:00+00:00,192.30620000000008,655
62.6939,88.72290000000001,UNCERTIFIED,2488.95,3,-64755.04470799994,-26.029000000000007,-0.17190298566605552,73,178,2488.96,2487.7,2488.45,research_batch_v2,B-ETH_USDT,1788979320,2026-09-09T18:42:00+00:00,151.41680000000005,543
102.72639999999994,253.9238000000001,UNCERTIFIED,2487.93,3,-376257.48542000004,-151.19740000000007,-0.42393751636757826,73,179,2489.01,2487.08,2489.01,research_batch_v2,B-ETH_USDT,1788979500,2026-09-09T18:45:00+00:00,356.65020000000004,779
385.38989999999995,88.01650000000001,UNCERTIFIED,2488.09,3,739620.4224190002,297.3734,0.6281566958114635,73,177,2488.75,2486.53,2487.93,research_batch_v2,B-ETH_USDT,1788979680,2026-09-09T18:48:00+00:00,473.40639999999996,727
285.2294000000001,121.3684,UNCERTIFIED,2485.58,3,407340.03098999994,163.8610000000001,0.40300513185265674,73,180,2488.1,2485.57,2488.1,research_batch_v2,B-ETH_USDT,1788979860,2026-09-09T18:51:00+00:00,406.5977999999999,854
284.9245000000001,882.7714000000001,UNCERTIFIED,2482.76,3,-1485027.9282370005,-597.8468999999999,-0.5119885237243703,73,180,2485.95,2482.15,2485.58,research_batch_v2,B-ETH_USDT,1788980040,2026-09-09T18:54:00+00:00,1167.6959,1798
106.21180000000004,105.44130000000001,UNCERTIFIED,2481.43,3,1947.209883999938,0.770500000000041,0.0036403908093008835,73,179,2483.36,2481.43,2482.6,research_batch_v2,B-ETH_USDT,1788980220,2026-09-09T18:57:00+00:00,211.65310000000005,750
463.85150000000004,571.0909,UNCERTIFIED,2480.01,3,-265881.09401100036,-107.23940000000039,-0.10361871346656619,73,180,2482.8,2480.0,2481.43,research_batch_v2,B-ETH_USDT,1788980400,2026-09-09T19:00:00+00:00,1034.9424000000006,2138
424.1970000000001,1167.6401000000005,UNCERTIFIED,2479.13,3,-1843651.5230070008,-743.4431000000004,-0.467034660770251,70,180,2480.14,2476.72,2479.3,research_batch_v2,B-ETH_USDT,1788980580,2026-09-09T19:03:00+00:00,1591.8371000000006,2203
281.8386,279.5611,UNCERTIFIED,2479.17,3,5613.259514999925,2.277499999999904,0.004056824398017854,76,180,2480.87,2478.5,2478.61,research_batch_v2,B-ETH_USDT,1788980760,2026-09-09T19:06:00+00:00,561.3997,1308
337.2771,106.26890000000003,UNCERTIFIED,2480.69,3,572926.519434,231.0082,0.5208212902382165,74,180,2480.97,2478.91,2479.17,research_batch_v2,B-ETH_USDT,1788980940,2026-09-09T19:09:00+00:00,443.546,769
139.049,181.30029999999996,UNCERTIFIED,2482.46,3,-104908.00327399999,-42.2513,-0.13189134485388296,72,180,2482.48,2480.64,2480.94,research_batch_v2,B-ETH_USDT,1788981120,2026-09-09T19:12:00+00:00,320.3492999999999,656
181.40769999999998,292.3868000000001,UNCERTIFIED,2483.25,3,-275626.37341200013,-110.97910000000007,-0.23423467347130456,73,179,2484.08,2482.02,2482.46,research_batch_v2,B-ETH_USDT,1788981300,2026-09-09T19:15:00+00:00,473.7945000000003,1016
228.10379999999998,405.2318999999999,UNCERTIFIED,2483.38,3,-439941.124281,-177.1280999999998,-0.2796749022674702,75,177,2484.23,2482.39,2483.25,research_batch_v2,B-ETH_USDT,1788981480,2026-09-09T19:18:00+00:00,633.3356999999999,802
101.13069999999996,156.8417,UNCERTIFIED,2484.53,3,-138443.629986,-55.711000000000034,-0.2159572109264403,73,176,2484.69,2483.13,2483.38,research_batch_v2,B-ETH_USDT,1788981660,2026-09-09T19:21:00+00:00,257.97240000000005,509
88.21600000000001,47.125699999999995,UNCERTIFIED,2484.52,3,102097.86729999998,41.090300000000006,0.3036041367885877,74,179,2484.96,2484.31,2484.54,research_batch_v2,B-ETH_USDT,1788981840,2026-09-09T19:24:00+00:00,135.3417,467
44.66329999999999,115.0001,UNCERTIFIED,2482.91,3,-174669.70302900003,-70.3368,-0.44053176870842026,76,179,2484.45,2482.91,2484.45,research_batch_v2,B-ETH_USDT,1788982020,2026-09-09T19:27:00+00:00,159.66340000000002,422
350.86210000000005,318.2048999999997,UNCERTIFIED,2481.62,3,80915.2425449999,32.65720000000028,0.04881005938119843,73,180,2482.82,2480.55,2482.45,research_batch_v2,B-ETH_USDT,1788982200,2026-09-09T19:30:00+00:00,669.0669999999998,1349
115.40610000000001,288.3954,UNCERTIFIED,2478.8,3,-429191.88225600007,-172.98930000000001,-0.42840182614477657,72,179,2482.05,2478.49,2482.05,research_batch_v2,B-ETH_USDT,1788982380,2026-09-09T19:33:00+00:00,403.80150000000003,981
300.12469999999996,659.5757000000001,UNCERTIFIED,2473.51,3,-889888.2484709998,-359.45100000000025,-0.37454501425653275,71,180,2478.81,2473.51,2478.81,research_batch_v2,B-ETH_USDT,1788982560,2026-09-09T19:36:00+00:00,959.7004000000002,2045
445.5450000000002,439.1560999999999,UNCERTIFIED,2474.0,3,15874.678072000097,6.388900000000049,0.0072215350472606505,70,180,2474.83,2472.6,2473.51,research_batch_v2,B-ETH_USDT,1788982740,2026-09-09T19:39:00+00:00,884.7011,1465
152.3028,419.9688,UNCERTIFIED,2471.71,3,-661942.2286960002,-267.6659999999999,-0.4677254646220428,72,180,2475.13,2471.47,2474.01,research_batch_v2,B-ETH_USDT,1788982920,2026-09-09T19:42:00+00:00,572.2716000000001,1154
174.34559999999996,593.1586,UNCERTIFIED,2471.49,3,-1035352.0772079998,-418.81300000000005,-0.5456817044128227,73,180,2472.62,2471.0,2471.83,research_batch_v2,B-ETH_USDT,1788983100,2026-09-09T19:45:00+00:00,767.5042000000001,1125
854.1150000000002,2719.733899999996,UNCERTIFIED,2466.12,3,-4606861.4099440025,-1865.6188999999963,-0.5220195235450492,71,179,2472.46,2465.66,2471.49,research_batch_v2,B-ETH_USDT,1788983280,2026-09-09T19:48:00+00:00,3573.8488999999963,3966
428.47,977.6388000000002,UNCERTIFIED,2463.34,3,-1353544.8581359996,-549.1688000000001,-0.39055925117601153,71,180,2469.84,2462.65,2465.19,research_batch_v2,B-ETH_USDT,1788983460,2026-09-09T19:51:00+00:00,1406.1088,3196
342.4339000000001,470.4452000000001,UNCERTIFIED,2464.75,3,-315583.2892690002,-128.01130000000006,-0.1574788920025131,73,180,2465.59,2463.35,2463.35,research_batch_v2,B-ETH_USDT,1788983640,2026-09-09T19:54:00+00:00,812.8791000000001,1810
374.7882000000001,582.3764,UNCERTIFIED,2465.49,3,-511704.69127199997,-207.58819999999997,-0.2168782673324943,73,180,2465.49,2463.94,2464.74,research_batch_v2,B-ETH_USDT,1788983820,2026-09-09T19:57:00+00:00,957.1646000000001,1368
496.54830000000004,291.46449999999993,UNCERTIFIED,2468.46,3,505731.39272599976,205.0838,0.26025440195895294,71,180,2468.93,2464.75,2465.5,research_batch_v2,B-ETH_USDT,1788984000,2026-09-09T20:00:00+00:00,788.0128000000001,1918
249.0514,289.7385999999999,UNCERTIFIED,2467.0,3,-100567.70214399992,-40.68719999999999,-0.07551587817145824,71,179,2468.72,2465.0,2468.39,research_batch_v2,B-ETH_USDT,1788984180,2026-09-09T20:03:00+00:00,538.7900000000001,1731
482.0056000000001,346.46299999999997,UNCERTIFIED,2466.09,3,334000.91715999984,135.54260000000005,0.16360620064538361,72,180,2467.1,2464.07,2467.0,research_batch_v2,B-ETH_USDT,1788984360,2026-09-09T20:06:00+00:00,828.4685999999999,1423
112.5467,167.8968,UNCERTIFIED,2467.92,3,-136524.02214899997,-55.3501,-0.19736631442697014,70,179,2467.92,2465.9,2466.09,research_batch_v2,B-ETH_USDT,1788984540,2026-09-09T20:09:00+00:00,280.4435,869
271.85389999999995,294.4658,UNCERTIFIED,2466.57,3,-55851.93388900014,-22.611900000000006,-0.03992780049855233,72,180,2468.19,2466.09,2467.92,research_batch_v2,B-ETH_USDT,1788984720,2026-09-09T20:12:00+00:00,566.3197,1130
340.5646999999999,171.75979999999998,UNCERTIFIED,2470.75,3,416843.3638289999,168.80489999999992,0.3294882442670611,71,178,2470.75,2466.57,2466.58,research_batch_v2,B-ETH_USDT,1788984900,2026-09-09T20:15:00+00:00,512.3245,1222
241.4947,314.87040000000013,UNCERTIFIED,2468.8,3,-181233.9549279998,-73.37570000000012,-0.13188408115462324,73,180,2472.16,2468.12,2470.75,research_batch_v2,B-ETH_USDT,1788985080,2026-09-09T20:18:00+00:00,556.3651000000003,1115
208.56380000000007,194.4934,UNCERTIFIED,2466.5,3,34712.077021000034,14.070400000000017,0.03490918906795367,71,179,2469.34,2466.49,2468.79,research_batch_v2,B-ETH_USDT,1788985260,2026-09-09T20:21:00+00:00,403.0572,1044
467.32759999999996,942.1396999999998,UNCERTIFIED,2463.33,3,-1170657.4455819998,-474.8121,-0.33687344147679055,68,180,2466.49,2462.2,2466.49,research_batch_v2,B-ETH_USDT,1788985440,2026-09-09T20:24:00+00:00,1409.4673,2383
955.1601000000005,2021.059999999996,UNCERTIFIED,2461.8,3,-2621793.9311769907,-1065.8998999999963,-0.358138801629623,72,180,2467.24,2455.35,2463.34,research_batch_v2,B-ETH_USDT,1788985620,2026-09-09T20:27:00+00:00,2976.2200999999986,5221
603.7848999999999,476.6200999999999,UNCERTIFIED,2468.24,3,313156.75157900003,127.16480000000006,0.11770104729245055,71,180,2468.29,2460.85,2461.35,research_batch_v2,B-ETH_USDT,1788985800,2026-09-09T20:30:00+00:00,1080.4050000000002,3147
535.6259,387.1813000000001,UNCERTIFIED,2470.17,3,366336.1061439999,148.44459999999987,0.1608619872059948,73,180,2470.52,2467.37,2467.97,research_batch_v2,B-ETH_USDT,1788985980,2026-09-09T20:33:00+00:00,922.8072,2267
97.77850000000001,226.51409999999996,UNCERTIFIED,2470.45,3,-317993.456491,-128.73559999999992,-0.39697359730070914,75,179,2470.68,2469.43,2470.25,research_batch_v2,B-ETH_USDT,1788986160,2026-09-09T20:36:00+00:00,324.29259999999994,760
224.56470000000002,253.86149999999998,UNCERTIFIED,2469.85,3,-72368.04457600006,-29.296799999999994,-0.06123577680319346,72,180,2470.6,2468.87,2470.46,research_batch_v2,B-ETH_USDT,1788986340,2026-09-09T20:39:00+00:00,478.4262,877
135.16029999999998,489.5733999999999,UNCERTIFIED,2468.47,3,-875152.2552219995,-354.4130999999999,-0.5673026763243282,72,178,2470.45,2466.87,2469.84,research_batch_v2,B-ETH_USDT,1788986520,2026-09-09T20:42:00+00:00,624.7336999999999,873
98.0967,121.80410000000003,UNCERTIFIED,2467.52,3,-58515.65918799994,-23.70740000000003,-0.10780952138418788,72,179,2469.12,2467.52,2468.47,research_batch_v2,B-ETH_USDT,1788986700,2026-09-09T20:45:00+00:00,219.90080000000006,695
696.6717999999995,887.9454999999999,UNCERTIFIED,2464.86,3,-471481.09538000106,-191.27370000000028,-0.1207065579809083,69,180,2467.53,2460.24,2467.53,research_batch_v2,B-ETH_USDT,1788986880,2026-09-09T20:48:00+00:00,1584.6172999999992,2992
301.6426000000002,312.65670000000006,UNCERTIFIED,2465.98,3,-26990.43711499997,-11.014099999999807,-0.017929533697986964,70,180,2468.24,2463.34,2464.85,research_batch_v2,B-ETH_USDT,1788987060,2026-09-09T20:51:00+00:00,614.2993000000002,1618
241.60450000000003,385.2323,UNCERTIFIED,2469.51,3,-354551.01979000005,-143.62779999999998,-0.2291310912186394,71,179,2469.55,2465.58,2465.97,research_batch_v2,B-ETH_USDT,1788987240,2026-09-09T20:54:00+00:00,626.8367999999998,924
196.45859999999996,116.53630000000001,UNCERTIFIED,2471.82,3,197498.9029289999,79.92229999999998,0.25534697210721324,72,180,2472.08,2469.51,2469.52,research_batch_v2,B-ETH_USDT,1788987420,2026-09-09T20:57:00+00:00,312.9948999999999,605
147.1639,705.7126000000002,UNCERTIFIED,2470.29,3,-1379834.4462040004,-558.5487,-0.654899859475551,71,178,2471.82,2468.1,2471.82,research_batch_v2,B-ETH_USDT,1788987600,2026-09-09T21:00:00+00:00,852.8765000000005,1100
103.2055,131.3653,UNCERTIFIED,2472.31,3,-69564.88220199998,-28.159800000000004,-0.12004819014131345,71,180,2472.38,2469.13,2470.3,research_batch_v2,B-ETH_USDT,1788987780,2026-09-09T21:03:00+00:00,234.57079999999996,636
70.91560000000001,177.93150000000003,UNCERTIFIED,2469.71,3,-264434.63281399995,-107.0159,-0.43004680384059124,71,180,2472.38,2469.71,2472.31,research_batch_v2,B-ETH_USDT,1788987960,2026-09-09T21:06:00+00:00,248.8471,627
49.52560000000001,174.55249999999998,UNCERTIFIED,2468.11,3,-308707.2994339999,-125.02689999999998,-0.5579612643984396,59,146,2470.12,2468.11,2469.71,research_batch_v2,B-ETH_USDT,1788988140,2026-09-09T21:09:00+00:00,224.07809999999998,530
